﻿<?xml version="1.0"?>
<doc>
<assembly>
<name>
DCR Capture
</name>
</assembly>
<members>
<member name="T:DCR_Capture.My.Resources.Resources">
<summary>
  A strongly-typed resource class, for looking up localized strings, etc.
</summary>
</member>
<member name="P:DCR_Capture.My.Resources.Resources.ResourceManager">
<summary>
  Returns the cached ResourceManager instance used by this class.
</summary>
</member>
<member name="P:DCR_Capture.My.Resources.Resources.Culture">
<summary>
  Overrides the current thread's CurrentUICulture property for all
  resource lookups using this strongly typed resource class.
</summary>
</member>
<member name="P:DCR_Capture.My.Resources.Resources.Path_Config">
<summary>
  Looks up a localized string similar to &lt;?xml version=&quot;1.0&quot; encoding=&quot;utf-8&quot; ?&gt;
&lt;Config&gt;
	&lt;SharedLocation Path=&quot;C:\Shared_Folder&quot; /&gt;

&lt;/Config&gt;.
</summary>
</member>
<member name="P:DCR_Capture.My.Resources.Resources.Template">
<summary>
  Looks up a localized resource of type System.Byte[].
</summary>
</member>
</members>
</doc>
